user_id,work_location_id,first_name,last_name,work_start_date,languages_id,locale,education_classes_id,location_id,education_year_id,education_type,education_with_id,birthday,work_employer_id,gender,hometown_id,education_concentration_id,education_school_id,work_end_date
687.0,,,,,,127.0,,,,55.0,351.0,2.0,,78.0,,,346.0,
688.0,359.0,,,,,126.0,336.0,359.0,259.0,55.0,,3.0,,78.0,359.0,338.0,341.0,
689.0,,,,,,126.0,,359.0,,54.0,,,,77.0,,,343.0,
690.0,,,,,,126.0,,359.0,,55.0,,210.0,,78.0,,,341.0,
691.0,,,,,,127.0,,,,,,,,77.0,,,,
692.0,,,,,92.0,126.0,,,67.0,55.0,,,,78.0,,,,
693.0,,,,,,127.0,,,,,,,,77.0,,,,
694.0,,358.0,,,,126.0,,,,,,,,78.0,,,,
695.0,,,,,,126.0,,366.0,64.0,55.0,,,,78.0,359.0,,341.0,
696.0,,,,,,126.0,,,,,,,,78.0,,,,
697.0,,,,,,127.0,,,,53.0,,,,77.0,,,341.0,
698.0,,356.0,,,,127.0,,,,,,,,78.0,,,,
699.0,,,,,,127.0,,359.0,65.0,54.0,,,,78.0,,,341.0,
700.0,,,,,,127.0,,,,,,,,78.0,,,,
701.0,,,,,,127.0,,,259.0,55.0,,2.0,,78.0,,,340.0,
702.0,,,,,,127.0,,,,54.0,,,,77.0,,,341.0,
703.0,,,,157.0,,127.0,336.0,,,55.0,350.0,2.0,,77.0,,,342.0,157.0
704.0,,,,,,126.0,,,,,,,,77.0,,,,
705.0,,,,,,127.0,,,64.0,55.0,,2.0,,77.0,,,349.0,
706.0,,,,,,126.0,,,,53.0,,2.0,,78.0,,,,
707.0,,,,,92.0,127.0,,,71.0,55.0,,3.0,,77.0,,,341.0,
708.0,,,,,,126.0,,,,,,,,78.0,,,,
709.0,,,,,92.0,127.0,,359.0,259.0,55.0,,2.0,,77.0,,,346.0,
710.0,,,,,,127.0,,,71.0,55.0,,,,77.0,,,,
711.0,,,,,,126.0,,359.0,,,,,,77.0,,,,
712.0,,,,,,127.0,,359.0,,,,,343.0,78.0,,,,
713.0,,,,,,126.0,,359.0,259.0,55.0,,,,77.0,359.0,,341.0,
714.0,,,,157.0,,127.0,,359.0,,53.0,,,368.0,77.0,,,341.0,157.0
715.0,,,,,,127.0,,,,54.0,,,,78.0,359.0,,344.0,
716.0,,,,,,127.0,,,,,,,,77.0,,,,
717.0,,,360.0,,,126.0,,359.0,,53.0,,,,77.0,,,341.0,
718.0,,,,,97.0,127.0,,,67.0,55.0,351.0,3.0,,77.0,,,346.0,
719.0,,,,,,127.0,,359.0,,55.0,,,,77.0,359.0,,341.0,
720.0,,352.0,,,,127.0,,,,55.0,350.0,3.0,,77.0,,,342.0,
721.0,,,,,,127.0,,,,,,,,78.0,,,,
722.0,,,,,,127.0,,,61.0,53.0,,,,78.0,,,341.0,
723.0,,,,,97.0,126.0,,,61.0,55.0,,209.0,,78.0,359.0,,347.0,157.0
724.0,,,,,,127.0,,,,,,,,78.0,,,,
725.0,,,,,,126.0,,,,,,,,78.0,,,,
726.0,,,,,,127.0,,359.0,,55.0,,,,78.0,,,,
727.0,,,,,,127.0,,367.0,,,,,,78.0,,,,
728.0,,357.0,,,97.0,126.0,,367.0,259.0,55.0,,,,77.0,359.0,339.0,342.0,
729.0,,,,,,126.0,,,,,,,,78.0,,,,
730.0,,,,,,126.0,,366.0,,55.0,,,,78.0,,,340.0,
731.0,,,,,,127.0,,359.0,,55.0,,2.0,,78.0,,,341.0,
732.0,,,,,,127.0,,,,55.0,,,,77.0,,,341.0,
733.0,,,,,,127.0,,359.0,,55.0,,2.0,,,,,341.0,
734.0,,,,,,126.0,,,,,,,,,,,,
735.0,,,365.0,,,127.0,,,,53.0,,,,78.0,,,,
736.0,,,,157.0,,127.0,,,67.0,55.0,,,,,,,341.0,157.0
737.0,,,,,,126.0,,,,53.0,,,,77.0,,,,
738.0,,,,,92.0,126.0,,,64.0,53.0,,2.0,,78.0,359.0,,344.0,
739.0,,,,,,126.0,,,,,,,,77.0,,,,
740.0,,,,,,127.0,,359.0,71.0,55.0,,,,77.0,,,344.0,
741.0,,,,,,127.0,,359.0,67.0,55.0,,2.0,,77.0,359.0,,346.0,
742.0,,,,,,127.0,,359.0,,,,,,77.0,,,,
743.0,,,,,,127.0,,,,53.0,,,,77.0,,,,
744.0,,,,,92.0,127.0,,359.0,,53.0,,2.0,,78.0,359.0,,341.0,
745.0,,352.0,,,,126.0,,359.0,,55.0,,2.0,,77.0,,,341.0,
746.0,,,,,,126.0,,,,54.0,,,,77.0,359.0,,341.0,
747.0,,355.0,,,97.0,126.0,336.0,367.0,72.0,55.0,350.0,,,78.0,359.0,,349.0,
748.0,,,,,97.0,127.0,,,71.0,55.0,350.0,,,78.0,359.0,,342.0,
749.0,,,,,,127.0,,,255.0,55.0,,209.0,,77.0,359.0,,346.0,
750.0,,,,,,127.0,,366.0,,53.0,,,,78.0,359.0,,341.0,
751.0,,,,,,127.0,,359.0,,,,,,77.0,,,,
752.0,,,,157.0,,127.0,,,,55.0,,2.0,,78.0,359.0,,341.0,157.0
753.0,,,,,,127.0,,,,,,,,77.0,,,,
754.0,,,,,,127.0,,,,55.0,,3.0,,77.0,,,340.0,
755.0,359.0,,,,92.0,127.0,,367.0,72.0,55.0,,,,77.0,,,349.0,
756.0,,358.0,,,,126.0,,,,,,,,77.0,359.0,,,
757.0,,,,,,126.0,,,255.0,55.0,,,,77.0,359.0,,,
758.0,,,,,,127.0,,,,,,,,,,,,
759.0,,,,,,127.0,,359.0,255.0,55.0,,,,77.0,,,340.0,
760.0,,,,,,127.0,,,,54.0,,2.0,,78.0,,,341.0,
761.0,,,,,,127.0,,,,,,209.0,,78.0,,,,
762.0,,,362.0,,,127.0,,,,,,3.0,,78.0,,,,
763.0,,,363.0,,,126.0,,367.0,,,,,,78.0,,,,
764.0,,,,,,127.0,,,,55.0,,,,77.0,,,344.0,
765.0,,357.0,,,,127.0,,359.0,67.0,55.0,,2.0,,77.0,,,342.0,
766.0,,,,,92.0,127.0,,367.0,64.0,55.0,,,,78.0,359.0,338.0,341.0,157.0
767.0,,,,,,127.0,,,,,,3.0,,78.0,,,,
768.0,,,,,,127.0,,,,,,,,77.0,,,,
769.0,,,365.0,,92.0,126.0,,,72.0,55.0,,,,78.0,,,341.0,
770.0,,,,,,126.0,,,,,,,,77.0,,,,
771.0,,,,,,127.0,,,,,,209.0,,78.0,359.0,,,
772.0,,,,,,126.0,,,,,,,,77.0,,,,
773.0,,,,,,126.0,,,,,,,,78.0,,,,
774.0,,355.0,,,,127.0,336.0,359.0,,55.0,,,,78.0,,,344.0,
775.0,,356.0,,,,127.0,,,,53.0,,,,78.0,,,,
776.0,,,,157.0,,127.0,,,61.0,54.0,,,,78.0,,,,157.0
777.0,,,,,,127.0,,,,,,,,78.0,,,,
778.0,,,,157.0,,127.0,,359.0,64.0,55.0,,,,77.0,,,341.0,157.0
779.0,,,,,,127.0,,,,,,3.0,,77.0,,,,
780.0,,,,,,126.0,,366.0,65.0,54.0,,,,77.0,359.0,,341.0,
781.0,,,,,,127.0,,,,55.0,,3.0,,77.0,359.0,,340.0,
782.0,,,364.0,,,127.0,,,,,,209.0,,77.0,359.0,,,
783.0,,,,,,127.0,,,,,,,,77.0,,,,
784.0,,354.0,,,,,,,,,,,,,,,,
785.0,,,361.0,,,127.0,,,72.0,54.0,,,,78.0,,,,
786.0,,,,,,127.0,,359.0,,55.0,,,,77.0,,,341.0,
787.0,,,,,,127.0,,,,55.0,350.0,2.0,,77.0,,,342.0,
788.0,,,,157.0,,127.0,,359.0,61.0,55.0,,,343.0,77.0,359.0,,341.0,
789.0,359.0,,,157.0,92.0,127.0,,359.0,,54.0,,,343.0,77.0,,,341.0,
790.0,,,,,,127.0,,,,55.0,,2.0,,77.0,,,340.0,
791.0,,,,,,126.0,,,,,,,,77.0,,,,
792.0,,,,,,127.0,,367.0,259.0,55.0,,,,77.0,359.0,,342.0,157.0
793.0,,,,,,127.0,,,,,,2.0,,77.0,,,,
794.0,,354.0,,,,127.0,,,,,,,,77.0,,,,
795.0,,,,,,126.0,,,,,,,,77.0,,,,
796.0,359.0,,,,,127.0,,,,55.0,,210.0,,78.0,359.0,217.0,345.0,157.0
797.0,,,,,,126.0,,366.0,,55.0,350.0,,,78.0,359.0,,342.0,
798.0,,,360.0,,,126.0,,,,,,,,77.0,,,,
799.0,,,,,,126.0,,359.0,65.0,53.0,,209.0,,77.0,359.0,,341.0,
800.0,,,,,,126.0,,,,,,,,77.0,359.0,,,
801.0,,,,,,127.0,,,,,,,,77.0,,,,
802.0,,,,,,126.0,,,,55.0,,,,78.0,,,341.0,
803.0,,356.0,,,,126.0,,359.0,,,,,,78.0,,,,
804.0,,,364.0,,,127.0,,366.0,259.0,55.0,,,,78.0,359.0,14.0,348.0,
805.0,,,,,,127.0,,,,,,,,77.0,,,,
806.0,,,,,,127.0,,359.0,,,,209.0,,78.0,,,,
807.0,,,,,,126.0,,359.0,67.0,55.0,,2.0,,77.0,359.0,,342.0,
808.0,,353.0,,,,126.0,,,64.0,53.0,,3.0,,77.0,359.0,,,
809.0,,,,,92.0,127.0,,367.0,259.0,55.0,,3.0,,77.0,359.0,,340.0,
810.0,,,,,,127.0,,,,,,,,78.0,359.0,,,
811.0,,,,,,127.0,,,67.0,55.0,,,,77.0,,,,
812.0,,,,,,126.0,,,,,,,,,,,,
813.0,,,,,,,,,64.0,55.0,,209.0,,77.0,,,341.0,
814.0,,,362.0,,,127.0,,,,,,,,77.0,359.0,,,
815.0,,,,,,126.0,,,,,,,,77.0,,,,
816.0,,,,,,127.0,,,,,,,,78.0,359.0,,,
817.0,,,,,,127.0,,367.0,,,,,,77.0,,,,
818.0,,,,157.0,,127.0,,359.0,,55.0,,,368.0,78.0,,337.0,,157.0
819.0,,353.0,,,,126.0,,,,,,,,77.0,,,,
820.0,359.0,,,,97.0,,,,71.0,55.0,,3.0,,77.0,359.0,339.0,344.0,
821.0,,,,,,127.0,,366.0,259.0,55.0,,,,77.0,,,,
822.0,,,,,,127.0,,,65.0,55.0,,210.0,,77.0,359.0,,341.0,
823.0,,,,,,126.0,,,,,,,,77.0,,,,
824.0,,,,,,127.0,,,,,,,,77.0,,,,
825.0,,,,,,127.0,,359.0,255.0,55.0,,209.0,,78.0,,,,
826.0,,,273.0,,,126.0,,,,55.0,,,,77.0,,,347.0,
827.0,,,,,,126.0,,366.0,,,,,,77.0,359.0,,,
828.0,359.0,,,157.0,,127.0,336.0,359.0,,55.0,350.0,,,77.0,359.0,338.0,342.0,157.0
829.0,,,,,,127.0,,359.0,259.0,55.0,,2.0,,78.0,,217.0,341.0,
830.0,,,,,,126.0,,,,,,,,,,,,
831.0,,,,157.0,,127.0,,,71.0,55.0,,,,78.0,359.0,,340.0,157.0
832.0,,,,157.0,,,,,,55.0,,2.0,,78.0,,,342.0,157.0
833.0,,,,,92.0,126.0,,,,,,,,78.0,,,,
834.0,,,,157.0,,127.0,,,65.0,55.0,,,,78.0,,,340.0,157.0
835.0,,353.0,,,,127.0,,,,,,,,77.0,,,,
836.0,,,363.0,,,127.0,,,,,,,,77.0,,,,
837.0,,,,,,127.0,,,,,,,,77.0,,,,
838.0,,,,,92.0,127.0,,366.0,259.0,55.0,,,,77.0,359.0,,348.0,
839.0,,,,,,127.0,,,61.0,55.0,,,,78.0,,,343.0,
840.0,,,,,,126.0,,,,,,,,78.0,,,,
841.0,,,,,,127.0,,,,,,,,,,,,
842.0,,,273.0,,,127.0,,,,,,,,77.0,,,,
843.0,,,,,,127.0,,359.0,,,,,,77.0,,,,
844.0,,,,,,127.0,,,,,,,,77.0,,,,
845.0,,,,,,126.0,,,,,,,,77.0,,,,
846.0,,,361.0,157.0,,127.0,,366.0,65.0,55.0,,,,78.0,359.0,,341.0,
847.0,,,,,,126.0,,,,,,,,78.0,,,,
848.0,,,,,,127.0,,,,,,,,77.0,,,,
849.0,,,,,,127.0,,359.0,,55.0,,3.0,,78.0,,,345.0,
850.0,,,,,,127.0,,366.0,,,,,,78.0,,,,
851.0,359.0,,,157.0,,127.0,,359.0,259.0,55.0,,3.0,,77.0,,,,157.0
852.0,,,360.0,,,127.0,,,,,,,,77.0,,,,
853.0,,,,,,127.0,,359.0,,55.0,,,,77.0,,,340.0,
854.0,,,,,,126.0,,359.0,,53.0,,,,77.0,,338.0,341.0,
855.0,,,360.0,,,127.0,,,,,,,,77.0,,,,
856.0,,,,,,127.0,,,259.0,55.0,,3.0,,78.0,,14.0,348.0,
